IdTiempo,Fecha,Anio,Mes,Dia,Trimestre,Semestre
1,2022-01-01,2022,1,1,1,1
2,2022-01-02,2022,1,2,1,1
3,2022-01-03,2022,1,3,1,1
4,2022-01-04,2022,1,4,1,1
5,2022-01-05,2022,1,5,1,1
6,2022-01-06,2022,1,6,1,1
7,2022-01-07,2022,1,7,1,1
8,2022-01-08,2022,1,8,1,1
9,2022-01-09,2022,1,9,1,1
10,2022-01-10,2022,1,10,1,1
11,2022-01-11,2022,1,11,1,1
12,2022-01-12,2022,1,12,1,1
13,2022-01-13,2022,1,13,1,1
14,2022-01-14,2022,1,14,1,1
15,2022-01-15,2022,1,15,1,1
16,2022-01-16,2022,1,16,1,1
17,2022-01-17,2022,1,17,1,1
18,2022-01-18,2022,1,18,1,1
19,2022-01-19,2022,1,19,1,1
20,2022-01-20,2022,1,20,1,1
21,2022-01-21,2022,1,21,1,1
22,2022-01-22,2022,1,22,1,1
23,2022-01-23,2022,1,23,1,1
24,2022-01-24,2022,1,24,1,1
25,2022-01-25,2022,1,25,1,1
26,2022-01-26,2022,1,26,1,1
27,2022-01-27,2022,1,27,1,1
28,2022-01-28,2022,1,28,1,1
29,2022-01-29,2022,1,29,1,1
30,2022-01-30,2022,1,30,1,1
31,2022-01-31,2022,1,31,1,1
32,2022-02-01,2022,2,1,1,1
33,2022-02-02,2022,2,2,1,1
34,2022-02-03,2022,2,3,1,1
35,2022-02-04,2022,2,4,1,1
36,2022-02-05,2022,2,5,1,1
37,2022-02-06,2022,2,6,1,1
38,2022-02-07,2022,2,7,1,1
39,2022-02-08,2022,2,8,1,1
40,2022-02-09,2022,2,9,1,1
41,2022-02-10,2022,2,10,1,1
42,2022-02-11,2022,2,11,1,1
43,2022-02-12,2022,2,12,1,1
44,2022-02-13,2022,2,13,1,1
45,2022-02-14,2022,2,14,1,1
46,2022-02-15,2022,2,15,1,1
47,2022-02-16,2022,2,16,1,1
48,2022-02-17,2022,2,17,1,1
49,2022-02-18,2022,2,18,1,1
50,2022-02-19,2022,2,19,1,1
51,2022-02-20,2022,2,20,1,1
52,2022-02-21,2022,2,21,1,1
53,2022-02-22,2022,2,22,1,1
54,2022-02-23,2022,2,23,1,1
55,2022-02-24,2022,2,24,1,1
56,2022-02-25,2022,2,25,1,1
57,2022-02-26,2022,2,26,1,1
58,2022-02-27,2022,2,27,1,1
59,2022-02-28,2022,2,28,1,1
60,2022-03-01,2022,3,1,1,1
61,2022-03-02,2022,3,2,1,1
62,2022-03-03,2022,3,3,1,1
63,2022-03-04,2022,3,4,1,1
64,2022-03-05,2022,3,5,1,1
65,2022-03-06,2022,3,6,1,1
66,2022-03-07,2022,3,7,1,1
67,2022-03-08,2022,3,8,1,1
68,2022-03-09,2022,3,9,1,1
69,2022-03-10,2022,3,10,1,1
70,2022-03-11,2022,3,11,1,1
71,2022-03-12,2022,3,12,1,1
72,2022-03-13,2022,3,13,1,1
73,2022-03-14,2022,3,14,1,1
74,2022-03-15,2022,3,15,1,1
75,2022-03-16,2022,3,16,1,1
76,2022-03-17,2022,3,17,1,1
77,2022-03-18,2022,3,18,1,1
78,2022-03-19,2022,3,19,1,1
79,2022-03-20,2022,3,20,1,1
80,2022-03-21,2022,3,21,1,1
81,2022-03-22,2022,3,22,1,1
82,2022-03-23,2022,3,23,1,1
83,2022-03-24,2022,3,24,1,1
84,2022-03-25,2022,3,25,1,1
85,2022-03-26,2022,3,26,1,1
86,2022-03-27,2022,3,27,1,1
87,2022-03-28,2022,3,28,1,1
88,2022-03-29,2022,3,29,1,1
89,2022-03-30,2022,3,30,1,1
90,2022-03-31,2022,3,31,1,1
91,2022-04-01,2022,4,1,2,1
92,2022-04-02,2022,4,2,2,1
93,2022-04-03,2022,4,3,2,1
94,2022-04-04,2022,4,4,2,1
95,2022-04-05,2022,4,5,2,1
96,2022-04-06,2022,4,6,2,1
97,2022-04-07,2022,4,7,2,1
98,2022-04-08,2022,4,8,2,1
99,2022-04-09,2022,4,9,2,1
100,2022-04-10,2022,4,10,2,1
101,2022-04-11,2022,4,11,2,1
102,2022-04-12,2022,4,12,2,1
103,2022-04-13,2022,4,13,2,1
104,2022-04-14,2022,4,14,2,1
105,2022-04-15,2022,4,15,2,1
106,2022-04-16,2022,4,16,2,1
107,2022-04-17,2022,4,17,2,1
108,2022-04-18,2022,4,18,2,1
109,2022-04-19,2022,4,19,2,1
110,2022-04-20,2022,4,20,2,1
111,2022-04-21,2022,4,21,2,1
112,2022-04-22,2022,4,22,2,1
113,2022-04-23,2022,4,23,2,1
114,2022-04-24,2022,4,24,2,1
115,2022-04-25,2022,4,25,2,1
116,2022-04-26,2022,4,26,2,1
117,2022-04-27,2022,4,27,2,1
118,2022-04-28,2022,4,28,2,1
119,2022-04-29,2022,4,29,2,1
120,2022-04-30,2022,4,30,2,1
121,2022-05-01,2022,5,1,2,1
122,2022-05-02,2022,5,2,2,1
123,2022-05-03,2022,5,3,2,1
124,2022-05-04,2022,5,4,2,1
125,2022-05-05,2022,5,5,2,1
126,2022-05-06,2022,5,6,2,1
127,2022-05-07,2022,5,7,2,1
128,2022-05-08,2022,5,8,2,1
129,2022-05-09,2022,5,9,2,1
130,2022-05-10,2022,5,10,2,1
131,2022-05-11,2022,5,11,2,1
132,2022-05-12,2022,5,12,2,1
133,2022-05-13,2022,5,13,2,1
134,2022-05-14,2022,5,14,2,1
135,2022-05-15,2022,5,15,2,1
136,2022-05-16,2022,5,16,2,1
137,2022-05-17,2022,5,17,2,1
138,2022-05-18,2022,5,18,2,1
139,2022-05-19,2022,5,19,2,1
140,2022-05-20,2022,5,20,2,1
141,2022-05-21,2022,5,21,2,1
142,2022-05-22,2022,5,22,2,1
143,2022-05-23,2022,5,23,2,1
144,2022-05-24,2022,5,24,2,1
145,2022-05-25,2022,5,25,2,1
146,2022-05-26,2022,5,26,2,1
147,2022-05-27,2022,5,27,2,1
148,2022-05-28,2022,5,28,2,1
149,2022-05-29,2022,5,29,2,1
150,2022-05-30,2022,5,30,2,1
151,2022-05-31,2022,5,31,2,1
152,2022-06-01,2022,6,1,2,1
153,2022-06-02,2022,6,2,2,1
154,2022-06-03,2022,6,3,2,1
155,2022-06-04,2022,6,4,2,1
156,2022-06-05,2022,6,5,2,1
157,2022-06-06,2022,6,6,2,1
158,2022-06-07,2022,6,7,2,1
159,2022-06-08,2022,6,8,2,1
160,2022-06-09,2022,6,9,2,1
161,2022-06-10,2022,6,10,2,1
162,2022-06-11,2022,6,11,2,1
163,2022-06-12,2022,6,12,2,1
164,2022-06-13,2022,6,13,2,1
165,2022-06-14,2022,6,14,2,1
166,2022-06-15,2022,6,15,2,1
167,2022-06-16,2022,6,16,2,1
168,2022-06-17,2022,6,17,2,1
169,2022-06-18,2022,6,18,2,1
170,2022-06-19,2022,6,19,2,1
171,2022-06-20,2022,6,20,2,1
172,2022-06-21,2022,6,21,2,1
173,2022-06-22,2022,6,22,2,1
174,2022-06-23,2022,6,23,2,1
175,2022-06-24,2022,6,24,2,1
176,2022-06-25,2022,6,25,2,1
177,2022-06-26,2022,6,26,2,1
178,2022-06-27,2022,6,27,2,1
179,2022-06-28,2022,6,28,2,1
180,2022-06-29,2022,6,29,2,1
181,2022-06-30,2022,6,30,2,1
